{"cameraMode":{"drawMode":0,"name":"Shaded","section":"Shading Mode"},"sceneLighting":true,"audioPlay":false,"sceneViewState":{"m_AlwaysRefresh":false,"showFog":true,"showSkybox":true,"showFlares":true,"showImageEffects":true,"showParticleSystems":true,"showVisualEffectGraphs":true,"m_FxEnabled":true},"in2DMode":false,"pivot":{"x":6.327783584594727,"y":-0.3993605077266693,"z":1.4114036560058594},"rotation":{"x":-0.10585097968578339,"y":-0.3639146685600281,"z":0.041666872799396518,"w":-0.9244871139526367},"size":9.291912078857422,"orthographic":false}